Variable,Método,Reversibilidad,Cruces Cero,Determinismo,Entropía RQA,Laminaridad,Entropía SampEn,Entropía ApEn,Score Estructura
AtmosphericPressure,MICE,0.4912251773539585,1528,0.19835033292328652,9.212939489354826,0.28019159013605854,1.136835245392266,1.2651127825602275,449.3571221399108
AverageTemperature,MICE,0.8051725730642288,3344,0.11414041173093074,9.182899780952294,0.17408839864236728,1.782447764180092,1.9263757517343576,710.3513864301655
DailyPrecipitation,Estacional,2.25690054760643,2679,0.7898364654640401,8.831979967893782,0.8983192279196863,0.3353611101921817,1.051769488523636,1123.544199238997
RelativeHumidity,MICE,4.908355176929083,2368,0.03956100051046412,9.206195390820668,0.0631656713661263,1.6043861492774472,1.7906462554908966,539.9159090619979
SunshineHours,MICE,2.397081636839639,3741,0.05431464386946155,9.23271117155504,0.08560686699295089,1.8491482981973337,1.9954586594955046,772.7048714109645
WindSpeed,KNN,0.4652393570040628,3158,0.3516862728442453,9.203458556874542,0.4448341661215123,1.0272409486986176,1.6871054680833195,850.4368120748974
